Topic,Message,Count,Connections,Frequency
/map_metadata,nav_msgs/MapMetaData,1.0,1.0,
/scan_rear,sensor_msgs/LaserScan,266.0,1.0,10.048643986583613
/move_base/local_costmap/footprint,geometry_msgs/PolygonStamped,53.0,1.0,1.999830737135009
/move_base/feedback,move_base_msgs/MoveBaseActionFeedback,140.0,1.0,9.999532721420909
/arm_1/arm_controller/follow_joint_trajectory/result,control_msgs/FollowJointTrajectoryActionResult,1.0,1.0,
/mcr_common/dynamic_reconfigure_client/event_in,std_msgs/String,1.0,1.0,
/arm_1/arm_controller/follow_joint_trajectory/goal,control_msgs/FollowJointTrajectoryActionGoal,1.0,1.0,
/move_group/sense_for_plan/parameter_updates,dynamic_reconfigure/Config,1.0,1.0,
/move_group/goal,moveit_msgs/MoveGroupActionGoal,2.0,1.0,0.06849194765190728
/move_base_safe_server/feedback,mir_yb_action_msgs/GenericExecuteActionFeedback,12.0,1.0,227.58024959305482
/move_base/GlobalPlannerWithOrientations/potential,nav_msgs/OccupancyGrid,26.0,1.0,4.933546626517361
/particlecloud,geometry_msgs/PoseArray,161.0,1.0,18.702195587422192
/move_base/status,actionlib_msgs/GoalStatusArray,136.0,1.0,5.001155404946182
/pickup/status,actionlib_msgs/GoalStatusArray,135.0,1.0,5.00077676917675
/move_base/global_costmap/footprint,geometry_msgs/PolygonStamped,8.0,1.0,0.3000165948510183
/poses,visualization_msgs/MarkerArray,1.0,1.0,
/move_group/sense_for_plan/parameter_descriptions,dynamic_reconfigure/ConfigDescription,1.0,1.0,
/move_base/local_costmap/obstacle_layer/parameter_updates,dynamic_reconfigure/Config,1.0,1.0,
/move_group/result,moveit_msgs/MoveGroupActionResult,2.0,1.0,0.05879556853724186
/arm_moveit_client/target_string_pose,std_msgs/String,2.0,1.0,0.06876998031802843
/move_base/global_costmap/inflation_layer/parameter_descriptions,dynamic_reconfigure/ConfigDescription,1.0,1.0,
/mir_perception/barrier_tape_detection/event_in,std_msgs/String,2.0,1.0,0.05100193294746046
/move_group/status,actionlib_msgs/GoalStatusArray,136.0,1.0,5.000815524534889
/dashboard/platform_state,pr2_msgs/PowerBoardState,14.0,1.0,0.49981404308933236
/mcr_navigation/direct_base_controller/coordinator/event_out,std_msgs/String,1.0,1.0,
/odom,nav_msgs/Odometry,1308.0,1.0,50.4456551807084
/arm_moveit_client/event_in,std_msgs/String,2.0,1.0,0.06877855306283348
/move_base/current_goal,geometry_msgs/PoseStamped,1.0,1.0,
/move_group/planning_scene_monitor/parameter_updates,dynamic_reconfigure/Config,1.0,1.0,
/hokuyo_rear_node/parameter_updates,dynamic_reconfigure/Config,1.0,1.0,
/move_base/local_costmap/costmap,nav_msgs/OccupancyGrid,17.0,1.0,1.9851564226798806
/move_group/trajectory_execution/parameter_descriptions,dynamic_reconfigure/ConfigDescription,1.0,1.0,
/move_group/display_planned_path,moveit_msgs/DisplayTrajectory,2.0,1.0,0.05629453290856098
/move_base_safe_server/result,mir_yb_action_msgs/GenericExecuteActionResult,1.0,1.0,
/move_base/local_costmap/inflation_layer/parameter_updates,dynamic_reconfigure/Config,1.0,1.0,
/gripper_controller/state,dynamixel_msgs/JointState,264.0,1.0,9.99891292946438
/move_base/parameter_updates,dynamic_reconfigure/Config,1.0,1.0,
/move_group/monitored_planning_scene,moveit_msgs/PlanningScene,105.0,1.0,3.9971695915015317
/move_group/trajectory_execution/parameter_updates,dynamic_reconfigure/Config,1.0,1.0,
/joy,sensor_msgs/Joy,1310.0,1.0,49.65906561530629
/move_base/force_field_recovery/obstacle_neighborhood,visualization_msgs/Marker,1.0,1.0,
/scan_combined,sensor_msgs/LaserScan,532.0,2.0,20.156685969675852
/move_base/DWAPlannerROS/global_plan,nav_msgs/Path,42.0,1.0,9.95559944077987
/dashboard_agg,pr2_msgs/DashboardState,27.0,1.0,1.0000201467758185
/move_base/local_costmap/parameter_updates,dynamic_reconfigure/Config,1.0,1.0,
/mcr_navigation/direct_base_controller/coordinator/parameter_updates,dynamic_reconfigure/Config,2.0,1.0,0.3240627508136522
/move_base/goal,move_base_msgs/MoveBaseActionGoal,1.0,1.0,
/mcr_navigation/direct_base_controller/coordinator/event_in,std_msgs/String,2.0,1.0,0.19985406088407617
/diagnostics_toplevel_state,diagnostic_msgs/DiagnosticStatus,26.0,1.0,1.0000066757647803
/move_group/plan_execution/parameter_descriptions,dynamic_reconfigure/ConfigDescription,1.0,1.0,
/move_group/plan_execution/parameter_updates,dynamic_reconfigure/Config,1.0,1.0,
/mcr_common/dynamic_reconfigure_client/configuration_name,std_msgs/String,1.0,1.0,
/mcr_navigation/direct_base_controller/input_pose,geometry_msgs/PoseStamped,1.0,1.0,
/move_base/global_costmap/obstacle_layer/parameter_updates,dynamic_reconfigure/Config,1.0,1.0,
/pose_text,visualization_msgs/MarkerArray,1.0,1.0,
/move_base/global_costmap/costmap_updates,map_msgs/OccupancyGridUpdate,5.0,1.0,0.19988517681479034
/move_base/local_costmap/inflation_layer/parameter_descriptions,dynamic_reconfigure/ConfigDescription,1.0,1.0,
/move_base/GlobalPlannerWithOrientations/parameter_updates,dynamic_reconfigure/Config,1.0,1.0,
/move_base_safe_server/status,actionlib_msgs/GoalStatusArray,135.0,1.0,5.0011882028685
/tf,tf2_msgs/TFMessage,3401.0,3.0,405.227187092411
/move_base/global_costmap/static_layer/parameter_updates,dynamic_reconfigure/Config,1.0,1.0,
/rosout_agg,rosgraph_msgs/Log,93.0,1.0,262.64466639531605
/mcr_common/dynamic_reconfigure_client/event_out,std_msgs/String,1.0,1.0,
/mir_teleop_joypad/parameter_descriptions,dynamic_reconfigure/ConfigDescription,1.0,1.0,
/arm_1/gripper_controller/follow_joint_trajectory/status,actionlib_msgs/GoalStatusArray,134.0,1.0,5.003177753814736
/move_base/local_costmap/costmap_updates,map_msgs/OccupancyGridUpdate,20.0,1.0,1.005623555300132
/move_base/local_costmap/parameter_descriptions,dynamic_reconfigure/ConfigDescription,1.0,1.0,
/hokuyo_front_node/parameter_updates,dynamic_reconfigure/Config,1.0,1.0,
/mcr_common/twist_to_motion_direction_conversion/event_in,std_msgs/String,1.0,1.0,
/tf_static,tf2_msgs/TFMessage,1.0,1.0,
/move_base/global_costmap/inflation_layer/parameter_updates,dynamic_reconfigure/Config,1.0,1.0,
/move_base/DWAPlannerROS/parameter_descriptions,dynamic_reconfigure/ConfigDescription,1.0,1.0,
/diagnostics,diagnostic_msgs/DiagnosticArray,162.0,6.0,14.712468211235246
/cmd_vel,geometry_msgs/Twist,184.0,1.0,11.712628560098967
/place/status,actionlib_msgs/GoalStatusArray,133.0,1.0,4.999671004009937
/move_group/feedback,moveit_msgs/MoveGroupActionFeedback,6.0,1.0,78.73078800165183
/joint_states,sensor_msgs/JointState,2917.0,2.0,313.01944102391883
/move_base_wrapper/pose_in,geometry_msgs/PoseStamped,1.0,1.0,
/move_base_wrapper/event_in,std_msgs/String,1.0,1.0,
/mir_teleop_joypad/parameter_updates,dynamic_reconfigure/Config,1.0,1.0,
/move_base/global_costmap/obstacle_layer/parameter_descriptions,dynamic_reconfigure/ConfigDescription,1.0,1.0,
/pregrasp_planner_node/parameter_descriptions,dynamic_reconfigure/ConfigDescription,1.0,1.0,
/hokuyo_rear_node/parameter_descriptions,dynamic_reconfigure/ConfigDescription,1.0,1.0,
/move_base/global_costmap/costmap,nav_msgs/OccupancyGrid,1.0,1.0,
/cmd_vel_prio_medium,geometry_msgs/Twist,184.0,2.0,11.714853100133228
/move_base/DWAPlannerROS/parameter_updates,dynamic_reconfigure/Config,1.0,1.0,
/arm_1/arm_controller/follow_joint_trajectory/status,actionlib_msgs/GoalStatusArray,136.0,1.0,5.000010728859081
/move_base_wrapper/event_out,std_msgs/String,1.0,1.0,
/amcl_pose,geometry_msgs/PoseWithCovarianceStamped,81.0,1.0,9.963569331344248
/move_base/parameter_descriptions,dynamic_reconfigure/ConfigDescription,1.0,1.0,
/move_base/global_costmap/parameter_updates,dynamic_reconfigure/Config,1.0,1.0,
/hokuyo_front_node/parameter_descriptions,dynamic_reconfigure/ConfigDescription,1.0,1.0,
/move_base/force_field_recovery/obstacle_cloud,sensor_msgs/PointCloud2,1.0,1.0,
/move_base/GlobalPlannerWithOrientations/plan,geometry_msgs/PoseArray,2.0,1.0,0.19995839031146434
/mir_manipulation/look_at_point/event_in,std_msgs/String,2.0,1.0,0.07024667860628499
/move_base/global_costmap/static_layer/parameter_descriptions,dynamic_reconfigure/ConfigDescription,1.0,1.0,
/motor_states/gripper_port,dynamixel_msgs/MotorStateList,263.0,1.0,10.003813767007218
/arm_moveit_client/event_out,std_msgs/String,2.0,1.0,0.05879029829106158
/map,nav_msgs/OccupancyGrid,1.0,1.0,
/mcr_navigation/direct_base_controller/coordinator/parameter_descriptions,dynamic_reconfigure/ConfigDescription,1.0,1.0,
/rosout,rosgraph_msgs/Log,173.0,28.0,127100.12121212122
/mcr_navigation/laser_distances/distances,std_msgs/Float32MultiArray,265.0,1.0,10.000784458657956
/move_base/local_costmap/obstacle_layer/parameter_descriptions,dynamic_reconfigure/ConfigDescription,1.0,1.0,
/amcl/parameter_descriptions,dynamic_reconfigure/ConfigDescription,1.0,1.0,
/execute_trajectory/status,actionlib_msgs/GoalStatusArray,132.0,1.0,4.998979776695049
/scan_front,sensor_msgs/LaserScan,263.0,1.0,9.974397572454205
/amcl/parameter_updates,dynamic_reconfigure/Config,1.0,1.0,
/move_base/DWAPlannerROS/local_plan,nav_msgs/Path,42.0,1.0,9.955221365385208
/move_base/GlobalPlannerWithOrientations/parameter_descriptions,dynamic_reconfigure/ConfigDescription,1.0,1.0,
/move_group/planning_scene_monitor/parameter_descriptions,dynamic_reconfigure/ConfigDescription,1.0,1.0,
/pregrasp_planner_node/parameter_updates,dynamic_reconfigure/Config,1.0,1.0,
/move_base/force_field_recovery/force_field_vector,visualization_msgs/Marker,1.0,1.0,
/move_base/result,move_base_msgs/MoveBaseActionResult,1.0,1.0,
/move_base/global_costmap/parameter_descriptions,dynamic_reconfigure/ConfigDescription,1.0,1.0,
/diagnostics_agg,diagnostic_msgs/DiagnosticArray,27.0,1.0,0.9999988079085256
/arm_1/gripper_controller/gripper_command/status,actionlib_msgs/GoalStatusArray,133.0,1.0,5.002661571334943
